"";"tmp1.hourly.time";"ciel";"precipitation";"temperature";"date";"jour";"mday";"mois";"heure";"time"
"1";2017-01-01 00:00:00;"Couvert";0;-1,73;2017-01-01;"dimanche";1;"01";0;"00:00"
"2";2017-01-01 01:00:00;"Couvert";0;-1,24;2017-01-01;"dimanche";1;"01";1;"00:00"
"3";2017-01-01 02:00:00;"Couvert";0;-0,96;2017-01-01;"dimanche";1;"01";2;"00:00"
"4";2017-01-01 03:00:00;"Couvert";0;-0,79;2017-01-01;"dimanche";1;"01";3;"00:00"
"5";2017-01-01 04:00:00;"Couvert";0;-0,77;2017-01-01;"dimanche";1;"01";4;"00:00"
"6";2017-01-01 05:00:00;"Brumeux";0;-0,67;2017-01-01;"dimanche";1;"01";5;"00:00"
"7";2017-01-01 06:00:00;"Brumeux";0;-0,64;2017-01-01;"dimanche";1;"01";6;"00:00"
"8";2017-01-01 07:00:00;"Couvert";0;-0,64;2017-01-01;"dimanche";1;"01";7;"00:00"
"9";2017-01-01 08:00:00;"Couvert";0;-0,64;2017-01-01;"dimanche";1;"01";8;"00:00"
"10";2017-01-01 09:00:00;"Couvert";0;-0,64;2017-01-01;"dimanche";1;"01";9;"00:00"
"11";2017-01-01 10:00:00;"Couvert";0;-0,26;2017-01-01;"dimanche";1;"01";10;"00:00"
"12";2017-01-01 11:00:00;"Averses De Neige";0,0787;0,08;2017-01-01;"dimanche";1;"01";11;"00:00"
"13";2017-01-01 12:00:00;"Couvert";0;0,26;2017-01-01;"dimanche";1;"01";12;"00:00"
"14";2017-01-01 13:00:00;"Couvert";0;0,33;2017-01-01;"dimanche";1;"01";13;"00:00"
"15";2017-01-01 14:00:00;"Couvert";0;0,3;2017-01-01;"dimanche";1;"01";14;"00:00"
"16";2017-01-01 15:00:00;"Couvert";0;0,63;2017-01-01;"dimanche";1;"01";15;"00:00"
"17";2017-01-01 16:00:00;"Couvert";0;0,87;2017-01-01;"dimanche";1;"01";16;"00:00"
"18";2017-01-01 17:00:00;"Couvert";0;0,88;2017-01-01;"dimanche";1;"01";17;"00:00"
"19";2017-01-01 18:00:00;"Couvert";0;1,03;2017-01-01;"dimanche";1;"01";18;"00:00"
"20";2017-01-01 19:00:00;"Brumeux";0;1,13;2017-01-01;"dimanche";1;"01";19;"00:00"
"21";2017-01-01 20:00:00;"Brumeux";0,0203;1,1;2017-01-01;"dimanche";1;"01";20;"00:00"
"22";2017-01-01 21:00:00;"Brumeux";0;1,14;2017-01-01;"dimanche";1;"01";21;"00:00"
"23";2017-01-01 22:00:00;"Pluie Faible";0,4597;1,26;2017-01-01;"dimanche";1;"01";22;"00:00"
"24";2017-01-01 23:00:00;"Pluie Faible";0,6833;1,33;2017-01-01;"dimanche";1;"01";23;"00:00"
"25";2017-01-02 00:00:00;"Averses De Neige";0,0787;0,08;2017-01-02;"lundi";2;"01";0;"00:00"
"26";2017-01-02 01:00:00;"Couvert";0;0,26;2017-01-02;"lundi";2;"01";1;"00:00"
"27";2017-01-02 02:00:00;"Couvert";0;0,33;2017-01-02;"lundi";2;"01";2;"00:00"
"28";2017-01-02 03:00:00;"Couvert";0;0,3;2017-01-02;"lundi";2;"01";3;"00:00"
"29";2017-01-02 04:00:00;"Couvert";0;0,63;2017-01-02;"lundi";2;"01";4;"00:00"
"30";2017-01-02 05:00:00;"Couvert";0;0,87;2017-01-02;"lundi";2;"01";5;"00:00"
"31";2017-01-02 06:00:00;"Couvert";0;0,88;2017-01-02;"lundi";2;"01";6;"00:00"
"32";2017-01-02 07:00:00;"Couvert";0;1,03;2017-01-02;"lundi";2;"01";7;"00:00"
"33";2017-01-02 08:00:00;"Brumeux";0;1,13;2017-01-02;"lundi";2;"01";8;"00:00"
"34";2017-01-02 09:00:00;"Brumeux";0,0203;1,1;2017-01-02;"lundi";2;"01";9;"00:00"
"35";2017-01-02 10:00:00;"Brumeux";0;1,14;2017-01-02;"lundi";2;"01";10;"00:00"
"36";2017-01-02 11:00:00;"Pluie Faible";0,4597;1,26;2017-01-02;"lundi";2;"01";11;"00:00"
"37";2017-01-02 12:00:00;"Pluie Faible";0,6833;1,33;2017-01-02;"lundi";2;"01";12;"00:00"
"38";2017-01-02 13:00:00;"Couvert";0;1,83;2017-01-02;"lundi";2;"01";13;"00:00"
"39";2017-01-02 14:00:00;"Couvert";0,0229;2,05;2017-01-02;"lundi";2;"01";14;"00:00"
"40";2017-01-02 15:00:00;"Couvert";0;2,28;2017-01-02;"lundi";2;"01";15;"00:00"
"41";2017-01-02 16:00:00;"Nuageux";0;1,91;2017-01-02;"lundi";2;"01";16;"00:00"
"42";2017-01-02 17:00:00;"Nuageux";0;1,84;2017-01-02;"lundi";2;"01";17;"00:00"
"43";2017-01-02 18:00:00;"Nuageux";0;1,51;2017-01-02;"lundi";2;"01";18;"00:00"
"44";2017-01-02 19:00:00;"Nuageux";0;1;2017-01-02;"lundi";2;"01";19;"00:00"
"45";2017-01-02 20:00:00;"Nuageux";0;0,87;2017-01-02;"lundi";2;"01";20;"00:00"
"46";2017-01-02 21:00:00;"Couvert";0;0,87;2017-01-02;"lundi";2;"01";21;"00:00"
"47";2017-01-02 22:00:00;"Brumeux";0;0,57;2017-01-02;"lundi";2;"01";22;"00:00"
"48";2017-01-02 23:00:00;"Brumeux";0;0,46;2017-01-02;"lundi";2;"01";23;"00:00"
"49";2017-01-03 00:00:00;"Brumeux";0;0,47;2017-01-03;"mardi";3;"01";0;"00:00"
"50";2017-01-03 01:00:00;"Brumeux";0;0,18;2017-01-03;"mardi";3;"01";1;"00:00"
"51";2017-01-03 02:00:00;"Brumeux";0;0,17;2017-01-03;"mardi";3;"01";2;"00:00"
"52";2017-01-03 03:00:00;"Brumeux";0;-0,08;2017-01-03;"mardi";3;"01";3;"00:00"
"53";2017-01-03 04:00:00;"Brumeux";0;-0,24;2017-01-03;"mardi";3;"01";4;"00:00"
"54";2017-01-03 05:00:00;"Brumeux";0;-0,36;2017-01-03;"mardi";3;"01";5;"00:00"
"55";2017-01-03 06:00:00;"Brumeux";0;-0,18;2017-01-03;"mardi";3;"01";6;"00:00"
"56";2017-01-03 07:00:00;"Brumeux";0;-0,23;2017-01-03;"mardi";3;"01";7;"00:00"
"57";2017-01-03 08:00:00;"Brumeux";0;0,03;2017-01-03;"mardi";3;"01";8;"00:00"
"58";2017-01-03 09:00:00;"Brumeux";0;0,09;2017-01-03;"mardi";3;"01";9;"00:00"
"59";2017-01-03 10:00:00;"Brumeux";0;0,26;2017-01-03;"mardi";3;"01";10;"00:00"
"60";2017-01-03 11:00:00;"Brumeux";0;0,35;2017-01-03;"mardi";3;"01";11;"00:00"
"61";2017-01-03 12:00:00;"Brumeux";0;0,66;2017-01-03;"mardi";3;"01";12;"00:00"
"62";2017-01-03 13:00:00;"Brumeux";0;0,58;2017-01-03;"mardi";3;"01";13;"00:00"
"63";2017-01-03 14:00:00;"Couvert";0;0,69;2017-01-03;"mardi";3;"01";14;"00:00"
"64";2017-01-03 15:00:00;"Couvert";0;0,92;2017-01-03;"mardi";3;"01";15;"00:00"
"65";2017-01-03 16:00:00;"Couvert";0;0,85;2017-01-03;"mardi";3;"01";16;"00:00"
"66";2017-01-03 17:00:00;"Nuageux";0;0,67;2017-01-03;"mardi";3;"01";17;"00:00"
"67";2017-01-03 18:00:00;"Nuageux";0;0,45;2017-01-03;"mardi";3;"01";18;"00:00"
"68";2017-01-03 19:00:00;"Brumeux";0;0,11;2017-01-03;"mardi";3;"01";19;"00:00"
"69";2017-01-03 20:00:00;"Nuageux";0;0,11;2017-01-03;"mardi";3;"01";20;"00:00"
"70";2017-01-03 21:00:00;"Nuageux";0;0,07;2017-01-03;"mardi";3;"01";21;"00:00"
"71";2017-01-03 22:00:00;"Nuageux";0;0,11;2017-01-03;"mardi";3;"01";22;"00:00"
"72";2017-01-03 23:00:00;"Couvert";0;0,18;2017-01-03;"mardi";3;"01";23;"00:00"
"73";2017-01-04 00:00:00;"Nuageux";0;0,21;2017-01-04;"mercredi";4;"01";0;"00:00"
"74";2017-01-04 01:00:00;"Nuageux";0;0,45;2017-01-04;"mercredi";4;"01";1;"00:00"
"75";2017-01-04 02:00:00;"Nuageux";0;0,48;2017-01-04;"mercredi";4;"01";2;"00:00"
"76";2017-01-04 03:00:00;"Couvert";0;1,16;2017-01-04;"mercredi";4;"01";3;"00:00"
"77";2017-01-04 04:00:00;"Nuageux";0;1,47;2017-01-04;"mercredi";4;"01";4;"00:00"
"78";2017-01-04 05:00:00;"Couvert";0;1,98;2017-01-04;"mercredi";4;"01";5;"00:00"
"79";2017-01-04 06:00:00;"Couvert";0;1,99;2017-01-04;"mercredi";4;"01";6;"00:00"
"80";2017-01-04 07:00:00;"Couvert";0;2,23;2017-01-04;"mercredi";4;"01";7;"00:00"
"81";2017-01-04 08:00:00;"Couvert";0;2,61;2017-01-04;"mercredi";4;"01";8;"00:00"
"82";2017-01-04 09:00:00;"Couvert";0;2,79;2017-01-04;"mercredi";4;"01";9;"00:00"
"83";2017-01-04 10:00:00;"Couvert";0;3,28;2017-01-04;"mercredi";4;"01";10;"00:00"
"84";2017-01-04 11:00:00;"Couvert";0;3,88;2017-01-04;"mercredi";4;"01";11;"00:00"
"85";2017-01-04 12:00:00;"Couvert";0;4,76;2017-01-04;"mercredi";4;"01";12;"00:00"
"86";2017-01-04 13:00:00;"Couvert";0;5;2017-01-04;"mercredi";4;"01";13;"00:00"
"87";2017-01-04 14:00:00;"Couvert";0;5,29;2017-01-04;"mercredi";4;"01";14;"00:00"
"88";2017-01-04 15:00:00;"Couvert";0;5,51;2017-01-04;"mercredi";4;"01";15;"00:00"
"89";2017-01-04 16:00:00;"Couvert";0;5,48;2017-01-04;"mercredi";4;"01";16;"00:00"
"90";2017-01-04 17:00:00;"Bruine";0,2057;5,61;2017-01-04;"mercredi";4;"01";17;"00:00"
"91";2017-01-04 18:00:00;"Pluie Faible";0,2692;5,58;2017-01-04;"mercredi";4;"01";18;"00:00"
"92";2017-01-04 19:00:00;"Nuageux";0;5,16;2017-01-04;"mercredi";4;"01";19;"00:00"
"93";2017-01-04 20:00:00;"Nuageux";0;4,67;2017-01-04;"mercredi";4;"01";20;"00:00"
"94";2017-01-04 21:00:00;"Nuageux";0;3,94;2017-01-04;"mercredi";4;"01";21;"00:00"
"95";2017-01-04 22:00:00;"Nuages Épars";0;3,24;2017-01-04;"mercredi";4;"01";22;"00:00"
"96";2017-01-04 23:00:00;"Dégagé";0;2,63;2017-01-04;"mercredi";4;"01";23;"00:00"
"97";2017-01-05 00:00:00;"Nuages Épars";0;2,28;2017-01-05;"jeudi";5;"01";0;"00:00"
"98";2017-01-05 01:00:00;"Dégagé";0;1,67;2017-01-05;"jeudi";5;"01";1;"00:00"
"99";2017-01-05 02:00:00;"Nuages Épars";0;1,84;2017-01-05;"jeudi";5;"01";2;"00:00"
"100";2017-01-05 03:00:00;"Nuageux";0;1,61;2017-01-05;"jeudi";5;"01";3;"00:00"
"101";2017-01-05 04:00:00;"Nuages Épars";0;1,71;2017-01-05;"jeudi";5;"01";4;"00:00"
"102";2017-01-05 05:00:00;"Nuageux";0;1,49;2017-01-05;"jeudi";5;"01";5;"00:00"
"103";2017-01-05 06:00:00;"Nuages Épars";0;1,16;2017-01-05;"jeudi";5;"01";6;"00:00"
"104";2017-01-05 07:00:00;"Nuages Épars";0;0,69;2017-01-05;"jeudi";5;"01";7;"00:00"
"105";2017-01-05 08:00:00;"Nuages Épars";0;0,89;2017-01-05;"jeudi";5;"01";8;"00:00"
"106";2017-01-05 09:00:00;"Nuageux";0;1,44;2017-01-05;"jeudi";5;"01";9;"00:00"
"107";2017-01-05 10:00:00;"Nuageux";0;2,15;2017-01-05;"jeudi";5;"01";10;"00:00"
"108";2017-01-05 11:00:00;"Nuages Épars";0;3,35;2017-01-05;"jeudi";5;"01";11;"00:00"
"109";2017-01-05 12:00:00;"Nuages Épars";0;4,67;2017-01-05;"jeudi";5;"01";12;"00:00"
"110";2017-01-05 13:00:00;"Nuageux";0;5,45;2017-01-05;"jeudi";5;"01";13;"00:00"
"111";2017-01-05 14:00:00;"Nuages Épars";0;6,09;2017-01-05;"jeudi";5;"01";14;"00:00"
"112";2017-01-05 15:00:00;"Nuages Épars";0;5,97;2017-01-05;"jeudi";5;"01";15;"00:00"
"113";2017-01-05 16:00:00;"Nuages Épars";0;5,07;2017-01-05;"jeudi";5;"01";16;"00:00"
"114";2017-01-05 17:00:00;"Nuages Épars";0;4,03;2017-01-05;"jeudi";5;"01";17;"00:00"
"115";2017-01-05 18:00:00;"Nuages Épars";0;3,06;2017-01-05;"jeudi";5;"01";18;"00:00"
"116";2017-01-05 19:00:00;"Nuages Épars";0;2,58;2017-01-05;"jeudi";5;"01";19;"00:00"
"117";2017-01-05 20:00:00;"Nuages Épars";0;2,43;2017-01-05;"jeudi";5;"01";20;"00:00"
"118";2017-01-05 21:00:00;"Nuageux";0;1,86;2017-01-05;"jeudi";5;"01";21;"00:00"
"119";2017-01-05 22:00:00;"Nuages Épars";0;1,49;2017-01-05;"jeudi";5;"01";22;"00:00"
"120";2017-01-05 23:00:00;"Nuages Épars";0;0,59;2017-01-05;"jeudi";5;"01";23;"00:00"
"121";2017-01-06 00:00:00;"Dégagé";0;-0,02;2017-01-06;"vendredi";6;"01";0;"00:00"
"122";2017-01-06 01:00:00;"Dégagé";0;-0,26;2017-01-06;"vendredi";6;"01";1;"00:00"
"123";2017-01-06 02:00:00;"Dégagé";0;-0,78;2017-01-06;"vendredi";6;"01";2;"00:00"
"124";2017-01-06 03:00:00;"Nuages Épars";0;-1,59;2017-01-06;"vendredi";6;"01";3;"00:00"
"125";2017-01-06 04:00:00;"Nuages Épars";0;-1,66;2017-01-06;"vendredi";6;"01";4;"00:00"
"126";2017-01-06 05:00:00;"Nuages Épars";0;-1,96;2017-01-06;"vendredi";6;"01";5;"00:00"
"127";2017-01-06 06:00:00;"Nuages Épars";0;-2,38;2017-01-06;"vendredi";6;"01";6;"00:00"
"128";2017-01-06 07:00:00;"Nuages Épars";0;-2,69;2017-01-06;"vendredi";6;"01";7;"00:00"
"129";2017-01-06 08:00:00;"Nuageux";0;-3,22;2017-01-06;"vendredi";6;"01";8;"00:00"
"130";2017-01-06 09:00:00;"Nuages Épars";0;-2,83;2017-01-06;"vendredi";6;"01";9;"00:00"
"131";2017-01-06 10:00:00;"Nuages Épars";0;-1,21;2017-01-06;"vendredi";6;"01";10;"00:00"
"132";2017-01-06 11:00:00;"Nuages Épars";0;-0,2;2017-01-06;"vendredi";6;"01";11;"00:00"
"133";2017-01-06 12:00:00;"Nuages Épars";0;0,81;2017-01-06;"vendredi";6;"01";12;"00:00"
"134";2017-01-06 13:00:00;"Nuages Épars";0;1,29;2017-01-06;"vendredi";6;"01";13;"00:00"
"135";2017-01-06 14:00:00;"Nuages Épars";0;1,79;2017-01-06;"vendredi";6;"01";14;"00:00"
"136";2017-01-06 15:00:00;"Nuages Épars";0;1,58;2017-01-06;"vendredi";6;"01";15;"00:00"
"137";2017-01-06 16:00:00;"Nuages Épars";0;0,78;2017-01-06;"vendredi";6;"01";16;"00:00"
"138";2017-01-06 17:00:00;"Nuages Épars";0;-0,88;2017-01-06;"vendredi";6;"01";17;"00:00"
"139";2017-01-06 18:00:00;"Nuages Épars";0;-1,62;2017-01-06;"vendredi";6;"01";18;"00:00"
"140";2017-01-06 19:00:00;"Nuages Épars";0;-1,96;2017-01-06;"vendredi";6;"01";19;"00:00"
"141";2017-01-06 20:00:00;"Nuages Épars";0;-2,72;2017-01-06;"vendredi";6;"01";20;"00:00"
"142";2017-01-06 21:00:00;"Nuages Épars";0;-2,96;2017-01-06;"vendredi";6;"01";21;"00:00"
"143";2017-01-06 22:00:00;"Dégagé";0;-2,91;2017-01-06;"vendredi";6;"01";22;"00:00"
"144";2017-01-06 23:00:00;"Dégagé";0;-3,76;2017-01-06;"vendredi";6;"01";23;"00:00"
"145";2017-01-07 00:00:00;"Nuages Épars";0;-3,84;2017-01-07;"samedi";7;"01";0;"00:00"
"146";2017-01-07 01:00:00;"Nuages Épars";0;-4,04;2017-01-07;"samedi";7;"01";1;"00:00"
"147";2017-01-07 02:00:00;"Nuages Épars";0;-4,26;2017-01-07;"samedi";7;"01";2;"00:00"
"148";2017-01-07 03:00:00;"Nuages Épars";0;-4,7;2017-01-07;"samedi";7;"01";3;"00:00"
"149";2017-01-07 04:00:00;"Nuages Épars";0;-4,49;2017-01-07;"samedi";7;"01";4;"00:00"
"150";2017-01-07 05:00:00;"Nuages Épars";0;-3,96;2017-01-07;"samedi";7;"01";5;"00:00"
"151";2017-01-07 06:00:00;"Nuageux";0;-3,23;2017-01-07;"samedi";7;"01";6;"00:00"
"152";2017-01-07 07:00:00;"Nuageux";0;-2,89;2017-01-07;"samedi";7;"01";7;"00:00"
"153";2017-01-07 08:00:00;"Couvert";0;-2,78;2017-01-07;"samedi";7;"01";8;"00:00"
"154";2017-01-07 09:00:00;"Nuageux";0;-2,24;2017-01-07;"samedi";7;"01";9;"00:00"
"155";2017-01-07 10:00:00;"Nuageux";0;-1,69;2017-01-07;"samedi";7;"01";10;"00:00"
"156";2017-01-07 11:00:00;"Couvert";0;-0,61;2017-01-07;"samedi";7;"01";11;"00:00"
"157";2017-01-07 12:00:00;"Couvert";0;-0,16;2017-01-07;"samedi";7;"01";12;"00:00"
"158";2017-01-07 13:00:00;"Couvert";0;-0,03;2017-01-07;"samedi";7;"01";13;"00:00"
"159";2017-01-07 14:00:00;"Couvert";0,0254;-0,18;2017-01-07;"samedi";7;"01";14;"00:00"
"160";2017-01-07 15:00:00;"Neige Faible";0,0864;-0,22;2017-01-07;"samedi";7;"01";15;"00:00"
"161";2017-01-07 16:00:00;"Couvert";0;0,16;2017-01-07;"samedi";7;"01";16;"00:00"
"162";2017-01-07 17:00:00;"Couvert";0;0,41;2017-01-07;"samedi";7;"01";17;"00:00"
"163";2017-01-07 18:00:00;"Brumeux";0;0,45;2017-01-07;"samedi";7;"01";18;"00:00"
"164";2017-01-07 19:00:00;"Brumeux";0;0,7;2017-01-07;"samedi";7;"01";19;"00:00"
"165";2017-01-07 20:00:00;"Averses De Neige";0,066;0,87;2017-01-07;"samedi";7;"01";20;"00:00"
"166";2017-01-07 21:00:00;"Brumeux";0;1,24;2017-01-07;"samedi";7;"01";21;"00:00"
"167";2017-01-07 22:00:00;"Brumeux";0;1,59;2017-01-07;"samedi";7;"01";22;"00:00"
"168";2017-01-07 23:00:00;"Brumeux";0,0838;1,86;2017-01-07;"samedi";7;"01";23;"00:00"
"169";2017-01-08 00:00:00;"Brumeux";0;2,33;2017-01-08;"dimanche";8;"01";0;"00:00"
"170";2017-01-08 01:00:00;"Brumeux";0;2,88;2017-01-08;"dimanche";8;"01";1;"00:00"
"171";2017-01-08 02:00:00;"Brumeux";0;3,16;2017-01-08;"dimanche";8;"01";2;"00:00"
"172";2017-01-08 03:00:00;"Brumeux";0,0203;3,23;2017-01-08;"dimanche";8;"01";3;"00:00"
"173";2017-01-08 04:00:00;"Brumeux";0;3,45;2017-01-08;"dimanche";8;"01";4;"00:00"
"174";2017-01-08 05:00:00;"Brumeux";0;3,56;2017-01-08;"dimanche";8;"01";5;"00:00"
"175";2017-01-08 06:00:00;"Brumeux";0;3,71;2017-01-08;"dimanche";8;"01";6;"00:00"
"176";2017-01-08 07:00:00;"Brumeux";0;3,84;2017-01-08;"dimanche";8;"01";7;"00:00"
"177";2017-01-08 08:00:00;"Nuageux";0,0203;3,97;2017-01-08;"dimanche";8;"01";8;"00:00"
"178";2017-01-08 09:00:00;"Brumeux";0,0533;4,47;2017-01-08;"dimanche";8;"01";9;"00:00"
"179";2017-01-08 10:00:00;"Brumeux";0;4,96;2017-01-08;"dimanche";8;"01";10;"00:00"
"180";2017-01-08 11:00:00;"Nuageux";0;5,81;2017-01-08;"dimanche";8;"01";11;"00:00"
"181";2017-01-08 12:00:00;"Nuageux";0;6,58;2017-01-08;"dimanche";8;"01";12;"00:00"
"182";2017-01-08 13:00:00;"Nuageux";0;6,86;2017-01-08;"dimanche";8;"01";13;"00:00"
"183";2017-01-08 14:00:00;"Couvert";0;7,33;2017-01-08;"dimanche";8;"01";14;"00:00"
"184";2017-01-08 15:00:00;"Nuageux";0;7,49;2017-01-08;"dimanche";8;"01";15;"00:00"
"185";2017-01-08 16:00:00;"Couvert";0;7,49;2017-01-08;"dimanche";8;"01";16;"00:00"
"186";2017-01-08 17:00:00;"Nuageux";0;6,92;2017-01-08;"dimanche";8;"01";17;"00:00"
"187";2017-01-08 18:00:00;"Nuageux";0;6,74;2017-01-08;"dimanche";8;"01";18;"00:00"
"188";2017-01-08 19:00:00;"Nuageux";0;6,67;2017-01-08;"dimanche";8;"01";19;"00:00"
"189";2017-01-08 20:00:00;"Couvert";0;6,61;2017-01-08;"dimanche";8;"01";20;"00:00"
"190";2017-01-08 21:00:00;"Couvert";0;6,35;2017-01-08;"dimanche";8;"01";21;"00:00"
"191";2017-01-08 22:00:00;"Brumeux";0;6,08;2017-01-08;"dimanche";8;"01";22;"00:00"
"192";2017-01-08 23:00:00;"Brumeux";0;5,88;2017-01-08;"dimanche";8;"01";23;"00:00"
"193";2017-01-09 00:00:00;"Brumeux";0;5,33;2017-01-09;"lundi";9;"01";0;"00:00"
"194";2017-01-09 01:00:00;"Brumeux";0;5,31;2017-01-09;"lundi";9;"01";1;"00:00"
"195";2017-01-09 02:00:00;"Brumeux";0;5,13;2017-01-09;"lundi";9;"01";2;"00:00"
"196";2017-01-09 03:00:00;"Brumeux";0;4,93;2017-01-09;"lundi";9;"01";3;"00:00"
"197";2017-01-09 04:00:00;"Brumeux";0;4,79;2017-01-09;"lundi";9;"01";4;"00:00"
"198";2017-01-09 05:00:00;"Brumeux";0;5,06;2017-01-09;"lundi";9;"01";5;"00:00"
"199";2017-01-09 06:00:00;"Brumeux";0,0483;5,18;2017-01-09;"lundi";9;"01";6;"00:00"
"200";2017-01-09 07:00:00;"Brumeux";0;5,21;2017-01-09;"lundi";9;"01";7;"00:00"
"201";2017-01-09 08:00:00;"Brumeux";0,0203;5,09;2017-01-09;"lundi";9;"01";8;"00:00"
"202";2017-01-09 09:00:00;"Brumeux";0;5,28;2017-01-09;"lundi";9;"01";9;"00:00"
"203";2017-01-09 10:00:00;"Couvert";0;5,4;2017-01-09;"lundi";9;"01";10;"00:00"
"204";2017-01-09 11:00:00;"Couvert";0,0787;5,79;2017-01-09;"lundi";9;"01";11;"00:00"
"205";2017-01-09 12:00:00;"Couvert";0;6,37;2017-01-09;"lundi";9;"01";12;"00:00"
"206";2017-01-09 13:00:00;"Couvert";0;7,05;2017-01-09;"lundi";9;"01";13;"00:00"
"207";2017-01-09 14:00:00;"Couvert";0;7,24;2017-01-09;"lundi";9;"01";14;"00:00"
"208";2017-01-09 15:00:00;"Couvert";0;7,52;2017-01-09;"lundi";9;"01";15;"00:00"
"209";2017-01-09 16:00:00;"Couvert";0;7,53;2017-01-09;"lundi";9;"01";16;"00:00"
"210";2017-01-09 17:00:00;"Couvert";0;7,57;2017-01-09;"lundi";9;"01";17;"00:00"
"211";2017-01-09 18:00:00;"Couvert";0;7,75;2017-01-09;"lundi";9;"01";18;"00:00"
"212";2017-01-09 19:00:00;"Couvert";0;7,52;2017-01-09;"lundi";9;"01";19;"00:00"
"213";2017-01-09 20:00:00;"Pluie Faible";0,4801;7,45;2017-01-09;"lundi";9;"01";20;"00:00"
"214";2017-01-09 21:00:00;"Pluie Faible";0,6045;7,41;2017-01-09;"lundi";9;"01";21;"00:00"
"215";2017-01-09 22:00:00;"Couvert";0;7,41;2017-01-09;"lundi";9;"01";22;"00:00"
"216";2017-01-09 23:00:00;"Pluie";1,8059;7,24;2017-01-09;"lundi";9;"01";23;"00:00"
"217";2017-01-10 00:00:00;"Pluie Faible";0,729;7,27;2017-01-10;"mardi";10;"01";0;"00:00"
"218";2017-01-10 01:00:00;"Couvert";0;6,46;2017-01-10;"mardi";10;"01";1;"00:00"
"219";2017-01-10 02:00:00;"Bruine";0,1549;5,79;2017-01-10;"mardi";10;"01";2;"00:00"
"220";2017-01-10 03:00:00;"Nuages Épars";0;4,79;2017-01-10;"mardi";10;"01";3;"00:00"
"221";2017-01-10 04:00:00;"Nuages Épars";0;4,22;2017-01-10;"mardi";10;"01";4;"00:00"
"222";2017-01-10 05:00:00;"Dégagé";0;3,75;2017-01-10;"mardi";10;"01";5;"00:00"
"223";2017-01-10 06:00:00;"Nuages Épars";0;3,56;2017-01-10;"mardi";10;"01";6;"00:00"
"224";2017-01-10 07:00:00;"Nuageux";0;3,58;2017-01-10;"mardi";10;"01";7;"00:00"
"225";2017-01-10 08:00:00;"Nuageux";0,0356;3,64;2017-01-10;"mardi";10;"01";8;"00:00"
"226";2017-01-10 09:00:00;"Nuageux";0;3,74;2017-01-10;"mardi";10;"01";9;"00:00"
"227";2017-01-10 10:00:00;"Nuageux";0;4,73;2017-01-10;"mardi";10;"01";10;"00:00"
"228";2017-01-10 11:00:00;"Nuageux";0,094;5,96;2017-01-10;"mardi";10;"01";11;"00:00"
"229";2017-01-10 12:00:00;"Nuageux";0,0381;6,63;2017-01-10;"mardi";10;"01";12;"00:00"
"230";2017-01-10 13:00:00;"Nuageux";0;7,24;2017-01-10;"mardi";10;"01";13;"00:00"
"231";2017-01-10 14:00:00;"Nuageux";0,0203;7,46;2017-01-10;"mardi";10;"01";14;"00:00"
"232";2017-01-10 15:00:00;"Pluie Faible";0,4191;7,09;2017-01-10;"mardi";10;"01";15;"00:00"
"233";2017-01-10 16:00:00;"Nuageux";0;7,37;2017-01-10;"mardi";10;"01";16;"00:00"
"234";2017-01-10 17:00:00;"Pluie Faible";0,2997;6,92;2017-01-10;"mardi";10;"01";17;"00:00"
"235";2017-01-10 18:00:00;"Nuageux";0,0406;6,65;2017-01-10;"mardi";10;"01";18;"00:00"
"236";2017-01-10 19:00:00;"Couvert";0;6,29;2017-01-10;"mardi";10;"01";19;"00:00"
"237";2017-01-10 20:00:00;"Nuageux";0,0203;6,05;2017-01-10;"mardi";10;"01";20;"00:00"
"238";2017-01-10 21:00:00;"Nuageux";0;5,93;2017-01-10;"mardi";10;"01";21;"00:00"
"239";2017-01-10 22:00:00;"Nuageux";0;5,77;2017-01-10;"mardi";10;"01";22;"00:00"
"240";2017-01-10 23:00:00;"Nuageux";0;5,78;2017-01-10;"mardi";10;"01";23;"00:00"
"241";2017-01-11 00:00:00;"Nuageux";0;5,69;2017-01-11;"mercredi";11;"01";0;"00:00"
"242";2017-01-11 01:00:00;"Nuageux";0;5,56;2017-01-11;"mercredi";11;"01";1;"00:00"
"243";2017-01-11 02:00:00;"Nuageux";0;5,26;2017-01-11;"mercredi";11;"01";2;"00:00"
"244";2017-01-11 03:00:00;"Nuageux";0;4,76;2017-01-11;"mercredi";11;"01";3;"00:00"
"245";2017-01-11 04:00:00;"Nuageux";0;4,99;2017-01-11;"mercredi";11;"01";4;"00:00"
"246";2017-01-11 05:00:00;"Nuageux";0;5,35;2017-01-11;"mercredi";11;"01";5;"00:00"
"247";2017-01-11 06:00:00;"Nuageux";0;5,63;2017-01-11;"mercredi";11;"01";6;"00:00"
"248";2017-01-11 07:00:00;"Couvert";0;5,82;2017-01-11;"mercredi";11;"01";7;"00:00"
"249";2017-01-11 08:00:00;"Couvert";0,0381;6,34;2017-01-11;"mercredi";11;"01";8;"00:00"
"250";2017-01-11 09:00:00;"Couvert";0;6,68;2017-01-11;"mercredi";11;"01";9;"00:00"
"251";2017-01-11 10:00:00;"Couvert";0;7,17;2017-01-11;"mercredi";11;"01";10;"00:00"
"252";2017-01-11 11:00:00;"Couvert";0,0406;7,67;2017-01-11;"mercredi";11;"01";11;"00:00"
"253";2017-01-11 12:00:00;"Couvert";0,061;8,32;2017-01-11;"mercredi";11;"01";12;"00:00"
"254";2017-01-11 13:00:00;"Couvert";0;9,38;2017-01-11;"mercredi";11;"01";13;"00:00"
"255";2017-01-11 14:00:00;"Bruine";0,1727;9,81;2017-01-11;"mercredi";11;"01";14;"00:00"
"256";2017-01-11 15:00:00;"Couvert";0,0381;10,41;2017-01-11;"mercredi";11;"01";15;"00:00"
"257";2017-01-11 16:00:00;"Nuageux";0;10,47;2017-01-11;"mercredi";11;"01";16;"00:00"
"258";2017-01-11 17:00:00;"Nuageux";0;10,23;2017-01-11;"mercredi";11;"01";17;"00:00"
"259";2017-01-11 18:00:00;"Nuageux";0;9,29;2017-01-11;"mercredi";11;"01";18;"00:00"
"260";2017-01-11 19:00:00;"Nuageux";0;8,48;2017-01-11;"mercredi";11;"01";19;"00:00"
"261";2017-01-11 20:00:00;"Nuageux";0;8,17;2017-01-11;"mercredi";11;"01";20;"00:00"
"262";2017-01-11 21:00:00;"Nuageux";0;7,48;2017-01-11;"mercredi";11;"01";21;"00:00"
"263";2017-01-11 22:00:00;"Nuageux";0;7,44;2017-01-11;"mercredi";11;"01";22;"00:00"
"264";2017-01-11 23:00:00;"Couvert";0;7,39;2017-01-11;"mercredi";11;"01";23;"00:00"
"265";2017-01-12 00:00:00;"Nuageux";0;7,05;2017-01-12;"jeudi";12;"01";0;"00:00"
"266";2017-01-12 01:00:00;"Nuageux";0;6,87;2017-01-12;"jeudi";12;"01";1;"00:00"
"267";2017-01-12 02:00:00;"Couvert";0;6,71;2017-01-12;"jeudi";12;"01";2;"00:00"
"268";2017-01-12 03:00:00;"Couvert";0;6,06;2017-01-12;"jeudi";12;"01";3;"00:00"
"269";2017-01-12 04:00:00;"Couvert";0;5,98;2017-01-12;"jeudi";12;"01";4;"00:00"
"270";2017-01-12 05:00:00;"Couvert";0;6,01;2017-01-12;"jeudi";12;"01";5;"00:00"
"271";2017-01-12 06:00:00;"Couvert";0;5,92;2017-01-12;"jeudi";12;"01";6;"00:00"
"272";2017-01-12 07:00:00;"Couvert";0;5,87;2017-01-12;"jeudi";12;"01";7;"00:00"
"273";2017-01-12 08:00:00;"Nuageux";0;5,94;2017-01-12;"jeudi";12;"01";8;"00:00"
"274";2017-01-12 09:00:00;"Couvert";0,061;5,91;2017-01-12;"jeudi";12;"01";9;"00:00"
"275";2017-01-12 10:00:00;"Couvert";0;5,79;2017-01-12;"jeudi";12;"01";10;"00:00"
"276";2017-01-12 11:00:00;"Bruine";0,1702;6,48;2017-01-12;"jeudi";12;"01";11;"00:00"
"277";2017-01-12 12:00:00;"Couvert";0,094;6,91;2017-01-12;"jeudi";12;"01";12;"00:00"
"278";2017-01-12 13:00:00;"Couvert";0;6,84;2017-01-12;"jeudi";12;"01";13;"00:00"
"279";2017-01-12 14:00:00;"Couvert";0,0889;7,02;2017-01-12;"jeudi";12;"01";14;"00:00"
"280";2017-01-12 15:00:00;"Couvert";0,0356;6,97;2017-01-12;"jeudi";12;"01";15;"00:00"
"281";2017-01-12 16:00:00;"Couvert";0;6,83;2017-01-12;"jeudi";12;"01";16;"00:00"
"282";2017-01-12 17:00:00;"Pluie Faible";0,8001;6,7;2017-01-12;"jeudi";12;"01";17;"00:00"
"283";2017-01-12 18:00:00;"Pluie Faible";1,1709;6,98;2017-01-12;"jeudi";12;"01";18;"00:00"
"284";2017-01-12 19:00:00;"Vent Faible et Couvert";0;7,68;2017-01-12;"jeudi";12;"01";19;"00:00"
"285";2017-01-12 20:00:00;"Pluie et Venté";1,8466;7,19;2017-01-12;"jeudi";12;"01";20;"00:00"
"286";2017-01-12 21:00:00;"Venté et Nuageux";0,0305;6,36;2017-01-12;"jeudi";12;"01";21;"00:00"
"287";2017-01-12 22:00:00;"Venté et Couvert";0;5,55;2017-01-12;"jeudi";12;"01";22;"00:00"
"288";2017-01-12 23:00:00;"Vent Faible et Couvert";0,0356;4,36;2017-01-12;"jeudi";12;"01";23;"00:00"
"289";2017-01-13 00:00:00;"Couvert";0,0787;3,63;2017-01-13;"vendredi";13;"01";0;"00:00"
"290";2017-01-13 01:00:00;"Nuageux";0;3,11;2017-01-13;"vendredi";13;"01";1;"00:00"
"291";2017-01-13 02:00:00;"Nuageux";0,0254;2,89;2017-01-13;"vendredi";13;"01";2;"00:00"
"292";2017-01-13 03:00:00;"Nuageux";0;2,74;2017-01-13;"vendredi";13;"01";3;"00:00"
"293";2017-01-13 04:00:00;"Nuageux";0;2,17;2017-01-13;"vendredi";13;"01";4;"00:00"
"294";2017-01-13 05:00:00;"Bruine";0,2057;1,63;2017-01-13;"vendredi";13;"01";5;"00:00"
"295";2017-01-13 06:00:00;"Nuageux";0,0787;1,36;2017-01-13;"vendredi";13;"01";6;"00:00"
"296";2017-01-13 07:00:00;"Nuageux";0;1,36;2017-01-13;"vendredi";13;"01";7;"00:00"
"297";2017-01-13 08:00:00;"Nuageux";0;1,36;2017-01-13;"vendredi";13;"01";8;"00:00"
"298";2017-01-13 09:00:00;"Nuageux";0;1,47;2017-01-13;"vendredi";13;"01";9;"00:00"
"299";2017-01-13 10:00:00;"Nuageux";0;2,13;2017-01-13;"vendredi";13;"01";10;"00:00"
"300";2017-01-13 11:00:00;"Bruine";0,1549;2,48;2017-01-13;"vendredi";13;"01";11;"00:00"
"301";2017-01-13 12:00:00;"Nuages Épars";0,0533;3,89;2017-01-13;"vendredi";13;"01";12;"00:00"
"302";2017-01-13 13:00:00;"Nuageux";0;4,67;2017-01-13;"vendredi";13;"01";13;"00:00"
"303";2017-01-13 14:00:00;"Nuageux";0,0203;4,85;2017-01-13;"vendredi";13;"01";14;"00:00"
"304";2017-01-13 15:00:00;"Bruine";0,1295;4,27;2017-01-13;"vendredi";13;"01";15;"00:00"
"305";2017-01-13 16:00:00;"Nuageux";0;3,59;2017-01-13;"vendredi";13;"01";16;"00:00"
"306";2017-01-13 17:00:00;"Pluie Faible";0,6579;2,8;2017-01-13;"vendredi";13;"01";17;"00:00"
"307";2017-01-13 18:00:00;"Pluie Faible";0,2794;3,36;2017-01-13;"vendredi";13;"01";18;"00:00"
"308";2017-01-13 19:00:00;"Nuageux";0;3,89;2017-01-13;"vendredi";13;"01";19;"00:00"
"309";2017-01-13 20:00:00;"Nuageux";0;4,14;2017-01-13;"vendredi";13;"01";20;"00:00"
"310";2017-01-13 21:00:00;"Nuageux";0;3,9;2017-01-13;"vendredi";13;"01";21;"00:00"
"311";2017-01-13 22:00:00;"Nuageux";0;3,96;2017-01-13;"vendredi";13;"01";22;"00:00"
"312";2017-01-13 23:00:00;"Nuageux";0;3,76;2017-01-13;"vendredi";13;"01";23;"00:00"
"313";2017-01-14 00:00:00;"Nuageux";0;3,37;2017-01-14;"samedi";14;"01";0;"00:00"
"314";2017-01-14 01:00:00;"Nuageux";0;2,95;2017-01-14;"samedi";14;"01";1;"00:00"
"315";2017-01-14 02:00:00;"Nuageux";0,0508;2,83;2017-01-14;"samedi";14;"01";2;"00:00"
"316";2017-01-14 03:00:00;"Nuageux";0;2,57;2017-01-14;"samedi";14;"01";3;"00:00"
"317";2017-01-14 04:00:00;"Nuageux";0;1,61;2017-01-14;"samedi";14;"01";4;"00:00"
"318";2017-01-14 05:00:00;"Nuages Épars";0,0483;1,46;2017-01-14;"samedi";14;"01";5;"00:00"
"319";2017-01-14 06:00:00;"Nuages Épars";0;0,92;2017-01-14;"samedi";14;"01";6;"00:00"
"320";2017-01-14 07:00:00;"Nuages Épars";0;0,52;2017-01-14;"samedi";14;"01";7;"00:00"
"321";2017-01-14 08:00:00;"Nuages Épars";0;0,62;2017-01-14;"samedi";14;"01";8;"00:00"
"322";2017-01-14 09:00:00;"Nuages Épars";0;0,67;2017-01-14;"samedi";14;"01";9;"00:00"
"323";2017-01-14 10:00:00;"Nuages Épars";0;1,96;2017-01-14;"samedi";14;"01";10;"00:00"
"324";2017-01-14 11:00:00;"Nuageux";0;2,7;2017-01-14;"samedi";14;"01";11;"00:00"
"325";2017-01-14 12:00:00;"Nuageux";0,0279;2,98;2017-01-14;"samedi";14;"01";12;"00:00"
"326";2017-01-14 13:00:00;"Nuageux";0;2,54;2017-01-14;"samedi";14;"01";13;"00:00"
"327";2017-01-14 14:00:00;"Pluie Faible";0,2692;3,56;2017-01-14;"samedi";14;"01";14;"00:00"
"328";2017-01-14 15:00:00;"Nuageux";0;4,04;2017-01-14;"samedi";14;"01";15;"00:00"
"329";2017-01-14 16:00:00;"Nuageux";0;4,44;2017-01-14;"samedi";14;"01";16;"00:00"
"330";2017-01-14 17:00:00;"Nuageux";0;4,12;2017-01-14;"samedi";14;"01";17;"00:00"
"331";2017-01-14 18:00:00;"Nuageux";0,1067;3,84;2017-01-14;"samedi";14;"01";18;"00:00"
"332";2017-01-14 19:00:00;"Nuageux";0;2,88;2017-01-14;"samedi";14;"01";19;"00:00"
"333";2017-01-14 20:00:00;"Nuageux";0,1092;2,58;2017-01-14;"samedi";14;"01";20;"00:00"
"334";2017-01-14 21:00:00;"Nuageux";0,0203;1,92;2017-01-14;"samedi";14;"01";21;"00:00"
"335";2017-01-14 22:00:00;"Nuages Épars";0;1,64;2017-01-14;"samedi";14;"01";22;"00:00"
"336";2017-01-14 23:00:00;"Nuages Épars";0;1,14;2017-01-14;"samedi";14;"01";23;"00:00"
"337";2017-01-15 00:00:00;"Dégagé";0;0,62;2017-01-15;"dimanche";15;"01";0;"00:00"
"338";2017-01-15 01:00:00;"Nuages Épars";0;0,34;2017-01-15;"dimanche";15;"01";1;"00:00"
"339";2017-01-15 02:00:00;"Dégagé";0;0;2017-01-15;"dimanche";15;"01";2;"00:00"
"340";2017-01-15 03:00:00;"Dégagé";0;-0,21;2017-01-15;"dimanche";15;"01";3;"00:00"
"341";2017-01-15 04:00:00;"Nuages Épars";0;-0,04;2017-01-15;"dimanche";15;"01";4;"00:00"
"342";2017-01-15 05:00:00;"Nuages Épars";0;0,04;2017-01-15;"dimanche";15;"01";5;"00:00"
"343";2017-01-15 06:00:00;"Dégagé";0;0,07;2017-01-15;"dimanche";15;"01";6;"00:00"
"344";2017-01-15 07:00:00;"Dégagé";0;0,34;2017-01-15;"dimanche";15;"01";7;"00:00"
"345";2017-01-15 08:00:00;"Dégagé";0;0,48;2017-01-15;"dimanche";15;"01";8;"00:00"
"346";2017-01-15 09:00:00;"Dégagé";0;0,55;2017-01-15;"dimanche";15;"01";9;"00:00"
"347";2017-01-15 10:00:00;"Nuages Épars";0;1,21;2017-01-15;"dimanche";15;"01";10;"00:00"
"348";2017-01-15 11:00:00;"Nuages Épars";0;2,06;2017-01-15;"dimanche";15;"01";11;"00:00"
"349";2017-01-15 12:00:00;"Couvert";0;2,98;2017-01-15;"dimanche";15;"01";12;"00:00"
"350";2017-01-15 13:00:00;"Nuageux";0;3,34;2017-01-15;"dimanche";15;"01";13;"00:00"
"351";2017-01-15 14:00:00;"Couvert";0,0279;3,03;2017-01-15;"dimanche";15;"01";14;"00:00"
"352";2017-01-15 15:00:00;"Nuageux";0,0914;2,72;2017-01-15;"dimanche";15;"01";15;"00:00"
"353";2017-01-15 16:00:00;"Couvert";0;2,09;2017-01-15;"dimanche";15;"01";16;"00:00"
"354";2017-01-15 17:00:00;"Pluie Faible";0,8534;1,68;2017-01-15;"dimanche";15;"01";17;"00:00"
"355";2017-01-15 18:00:00;"Pluie Faible";0,6858;1,22;2017-01-15;"dimanche";15;"01";18;"00:00"
"356";2017-01-15 19:00:00;"Couvert";0;0,97;2017-01-15;"dimanche";15;"01";19;"00:00"
"357";2017-01-15 20:00:00;"Neige";0,6502;1,01;2017-01-15;"dimanche";15;"01";20;"00:00"
"358";2017-01-15 21:00:00;"Pluie Faible";0,5537;1,17;2017-01-15;"dimanche";15;"01";21;"00:00"
"359";2017-01-15 22:00:00;"Couvert";0;1,49;2017-01-15;"dimanche";15;"01";22;"00:00"
"360";2017-01-15 23:00:00;"Couvert";0,0584;1,63;2017-01-15;"dimanche";15;"01";23;"00:00"
"361";2017-01-16 00:00:00;"Couvert";0;1,59;2017-01-16;"lundi";16;"01";0;"00:00"
"362";2017-01-16 01:00:00;"Brumeux";0;1,45;2017-01-16;"lundi";16;"01";1;"00:00"
"363";2017-01-16 02:00:00;"Brumeux";0;1,41;2017-01-16;"lundi";16;"01";2;"00:00"
"364";2017-01-16 03:00:00;"Couvert";0;1,39;2017-01-16;"lundi";16;"01";3;"00:00"
"365";2017-01-16 04:00:00;"Couvert";0;1,32;2017-01-16;"lundi";16;"01";4;"00:00"
"366";2017-01-16 05:00:00;"Couvert";0;1,29;2017-01-16;"lundi";16;"01";5;"00:00"
"367";2017-01-16 06:00:00;"Couvert";0;1,52;2017-01-16;"lundi";16;"01";6;"00:00"
"368";2017-01-16 07:00:00;"Couvert";0;1,31;2017-01-16;"lundi";16;"01";7;"00:00"
"369";2017-01-16 08:00:00;"Couvert";0;1,21;2017-01-16;"lundi";16;"01";8;"00:00"
"370";2017-01-16 09:00:00;"Nuageux";0;1,36;2017-01-16;"lundi";16;"01";9;"00:00"
"371";2017-01-16 10:00:00;"Nuages Épars";0;1,58;2017-01-16;"lundi";16;"01";10;"00:00"
"372";2017-01-16 11:00:00;"Nuageux";0;2,19;2017-01-16;"lundi";16;"01";11;"00:00"
"373";2017-01-16 12:00:00;"Nuageux";0;2,37;2017-01-16;"lundi";16;"01";12;"00:00"
"374";2017-01-16 13:00:00;"Nuageux";0;2,75;2017-01-16;"lundi";16;"01";13;"00:00"
"375";2017-01-16 14:00:00;"Nuageux";0;2,82;2017-01-16;"lundi";16;"01";14;"00:00"
"376";2017-01-16 15:00:00;"Nuageux";0;2,88;2017-01-16;"lundi";16;"01";15;"00:00"
"377";2017-01-16 16:00:00;"Nuageux";0;2,76;2017-01-16;"lundi";16;"01";16;"00:00"
"378";2017-01-16 17:00:00;"Nuageux";0;2,38;2017-01-16;"lundi";16;"01";17;"00:00"
"379";2017-01-16 18:00:00;"Nuageux";0;2,14;2017-01-16;"lundi";16;"01";18;"00:00"
"380";2017-01-16 19:00:00;"Nuageux";0;1,87;2017-01-16;"lundi";16;"01";19;"00:00"
"381";2017-01-16 20:00:00;"Nuageux";0;1,38;2017-01-16;"lundi";16;"01";20;"00:00"
"382";2017-01-16 21:00:00;"Nuages Épars";0;0,9;2017-01-16;"lundi";16;"01";21;"00:00"
"383";2017-01-16 22:00:00;"Nuages Épars";0;0,17;2017-01-16;"lundi";16;"01";22;"00:00"
"384";2017-01-16 23:00:00;"Nuages Épars";0;0,09;2017-01-16;"lundi";16;"01";23;"00:00"
"385";2017-01-17 00:00:00;"Nuages Épars";0;-0,18;2017-01-17;"mardi";17;"01";0;"00:00"
"386";2017-01-17 01:00:00;"Nuages Épars";0;-0,88;2017-01-17;"mardi";17;"01";1;"00:00"
"387";2017-01-17 02:00:00;"Dégagé";0;-1,08;2017-01-17;"mardi";17;"01";2;"00:00"
"388";2017-01-17 03:00:00;"Nuages Épars";0;-1,53;2017-01-17;"mardi";17;"01";3;"00:00"
"389";2017-01-17 04:00:00;"Nuages Épars";0;-1,89;2017-01-17;"mardi";17;"01";4;"00:00"
"390";2017-01-17 05:00:00;"Nuages Épars";0;-2,21;2017-01-17;"mardi";17;"01";5;"00:00"
"391";2017-01-17 06:00:00;"Nuages Épars";0;-2,43;2017-01-17;"mardi";17;"01";6;"00:00"
"392";2017-01-17 07:00:00;"Nuages Épars";0;-2,71;2017-01-17;"mardi";17;"01";7;"00:00"
"393";2017-01-17 08:00:00;"Nuages Épars";0;-3,04;2017-01-17;"mardi";17;"01";8;"00:00"
"394";2017-01-17 09:00:00;"Nuages Épars";0;-2,71;2017-01-17;"mardi";17;"01";9;"00:00"
"395";2017-01-17 10:00:00;"Nuages Épars";0;-2,28;2017-01-17;"mardi";17;"01";10;"00:00"
"396";2017-01-17 11:00:00;"Nuages Épars";0;-1,86;2017-01-17;"mardi";17;"01";11;"00:00"
"397";2017-01-17 12:00:00;"Dégagé";0;-1,29;2017-01-17;"mardi";17;"01";12;"00:00"
"398";2017-01-17 13:00:00;"Nuages Épars";0;-0,6;2017-01-17;"mardi";17;"01";13;"00:00"
"399";2017-01-17 14:00:00;"Dégagé";0;-0,26;2017-01-17;"mardi";17;"01";14;"00:00"
"400";2017-01-17 15:00:00;"Dégagé";0;-0,43;2017-01-17;"mardi";17;"01";15;"00:00"
"401";2017-01-17 16:00:00;"Dégagé";0;-0,93;2017-01-17;"mardi";17;"01";16;"00:00"
"402";2017-01-17 17:00:00;"Dégagé";0;-1,53;2017-01-17;"mardi";17;"01";17;"00:00"
"403";2017-01-17 18:00:00;"Nuages Épars";0;-1,82;2017-01-17;"mardi";17;"01";18;"00:00"
"404";2017-01-17 19:00:00;"Nuages Épars";0;-1,99;2017-01-17;"mardi";17;"01";19;"00:00"
"405";2017-01-17 20:00:00;"Nuages Épars";0;-2,2;2017-01-17;"mardi";17;"01";20;"00:00"
"406";2017-01-17 21:00:00;"Nuages Épars";0;-2,37;2017-01-17;"mardi";17;"01";21;"00:00"
"407";2017-01-17 22:00:00;"Dégagé";0;-2,67;2017-01-17;"mardi";17;"01";22;"00:00"
"408";2017-01-17 23:00:00;"Dégagé";0;-2,7;2017-01-17;"mardi";17;"01";23;"00:00"
"409";2017-01-18 00:00:00;"Dégagé";0;-2,78;2017-01-18;"mercredi";18;"01";0;"00:00"
"410";2017-01-18 01:00:00;"Dégagé";0;-2,91;2017-01-18;"mercredi";18;"01";1;"00:00"
"411";2017-01-18 02:00:00;"Nuages Épars";0;-3,32;2017-01-18;"mercredi";18;"01";2;"00:00"
"412";2017-01-18 03:00:00;"Nuages Épars";0;-3,6;2017-01-18;"mercredi";18;"01";3;"00:00"
"413";2017-01-18 04:00:00;"Nuages Épars";0;-3,65;2017-01-18;"mercredi";18;"01";4;"00:00"
"414";2017-01-18 05:00:00;"Nuages Épars";0;-3,83;2017-01-18;"mercredi";18;"01";5;"00:00"
"415";2017-01-18 06:00:00;"Nuages Épars";0;-3,93;2017-01-18;"mercredi";18;"01";6;"00:00"
"416";2017-01-18 07:00:00;"Nuages Épars";0;-3,93;2017-01-18;"mercredi";18;"01";7;"00:00"
"417";2017-01-18 08:00:00;"Dégagé";0;-4,04;2017-01-18;"mercredi";18;"01";8;"00:00"
"418";2017-01-18 09:00:00;"Dégagé";0;-3,85;2017-01-18;"mercredi";18;"01";9;"00:00"
"419";2017-01-18 10:00:00;"Dégagé";0;-3,19;2017-01-18;"mercredi";18;"01";10;"00:00"
"420";2017-01-18 11:00:00;"Dégagé";0;-2,44;2017-01-18;"mercredi";18;"01";11;"00:00"
"421";2017-01-18 12:00:00;"Dégagé";0;-1,52;2017-01-18;"mercredi";18;"01";12;"00:00"
"422";2017-01-18 13:00:00;"Nuages Épars";0;-0,53;2017-01-18;"mercredi";18;"01";13;"00:00"
"423";2017-01-18 14:00:00;"Dégagé";0;0,28;2017-01-18;"mercredi";18;"01";14;"00:00"
"424";2017-01-18 15:00:00;"Dégagé";0;0,28;2017-01-18;"mercredi";18;"01";15;"00:00"
"425";2017-01-18 16:00:00;"Nuages Épars";0;0,35;2017-01-18;"mercredi";18;"01";16;"00:00"
"426";2017-01-18 17:00:00;"Nuages Épars";0;-0,23;2017-01-18;"mercredi";18;"01";17;"00:00"
"427";2017-01-18 18:00:00;"Nuages Épars";0;-0,64;2017-01-18;"mercredi";18;"01";18;"00:00"
"428";2017-01-18 19:00:00;"Nuages Épars";0;-1,16;2017-01-18;"mercredi";18;"01";19;"00:00"
"429";2017-01-18 20:00:00;"Dégagé";0;-1,36;2017-01-18;"mercredi";18;"01";20;"00:00"
"430";2017-01-18 21:00:00;"Dégagé";0;-1,52;2017-01-18;"mercredi";18;"01";21;"00:00"
"431";2017-01-18 22:00:00;"Dégagé";0;-1,73;2017-01-18;"mercredi";18;"01";22;"00:00"
"432";2017-01-18 23:00:00;"Dégagé";0;-1,94;2017-01-18;"mercredi";18;"01";23;"00:00"
"433";2017-01-19 00:00:00;"Dégagé";0;-2,45;2017-01-19;"jeudi";19;"01";0;"00:00"
"434";2017-01-19 01:00:00;"Dégagé";0;-2,74;2017-01-19;"jeudi";19;"01";1;"00:00"
"435";2017-01-19 02:00:00;"Dégagé";0;-2,95;2017-01-19;"jeudi";19;"01";2;"00:00"
"436";2017-01-19 03:00:00;"Dégagé";0;-3,45;2017-01-19;"jeudi";19;"01";3;"00:00"
"437";2017-01-19 04:00:00;"Dégagé";0;-3,71;2017-01-19;"jeudi";19;"01";4;"00:00"
"438";2017-01-19 05:00:00;"Dégagé";0;-3,83;2017-01-19;"jeudi";19;"01";5;"00:00"
"439";2017-01-19 06:00:00;"Dégagé";0;-4,05;2017-01-19;"jeudi";19;"01";6;"00:00"
"440";2017-01-19 07:00:00;"Dégagé";0;-4,16;2017-01-19;"jeudi";19;"01";7;"00:00"
"441";2017-01-19 08:00:00;"Dégagé";0;-4,39;2017-01-19;"jeudi";19;"01";8;"00:00"
"442";2017-01-19 09:00:00;"Dégagé";0;-3,97;2017-01-19;"jeudi";19;"01";9;"00:00"
"443";2017-01-19 10:00:00;"Dégagé";0;-2,87;2017-01-19;"jeudi";19;"01";10;"00:00"
"444";2017-01-19 11:00:00;"Dégagé";0;-2,04;2017-01-19;"jeudi";19;"01";11;"00:00"
"445";2017-01-19 12:00:00;"Dégagé";0;-1,42;2017-01-19;"jeudi";19;"01";12;"00:00"
"446";2017-01-19 13:00:00;"Dégagé";0;-0,43;2017-01-19;"jeudi";19;"01";13;"00:00"
"447";2017-01-19 14:00:00;"Dégagé";0;0,21;2017-01-19;"jeudi";19;"01";14;"00:00"
"448";2017-01-19 15:00:00;"Dégagé";0;0,51;2017-01-19;"jeudi";19;"01";15;"00:00"
"449";2017-01-19 16:00:00;"Dégagé";0;0,44;2017-01-19;"jeudi";19;"01";16;"00:00"
"450";2017-01-19 17:00:00;"Dégagé";0;-0,79;2017-01-19;"jeudi";19;"01";17;"00:00"
"451";2017-01-19 18:00:00;"Dégagé";0;-1,3;2017-01-19;"jeudi";19;"01";18;"00:00"
"452";2017-01-19 19:00:00;"Dégagé";0;-1,7;2017-01-19;"jeudi";19;"01";19;"00:00"
"453";2017-01-19 20:00:00;"Dégagé";0;-1,52;2017-01-19;"jeudi";19;"01";20;"00:00"
"454";2017-01-19 21:00:00;"Dégagé";0;-1,84;2017-01-19;"jeudi";19;"01";21;"00:00"
"455";2017-01-19 22:00:00;"Dégagé";0;-2,11;2017-01-19;"jeudi";19;"01";22;"00:00"
"456";2017-01-19 23:00:00;"Dégagé";0;-2,5;2017-01-19;"jeudi";19;"01";23;"00:00"
"457";2017-01-20 00:00:00;"Dégagé";0;-2,54;2017-01-20;"vendredi";20;"01";0;"00:00"
"458";2017-01-20 01:00:00;"Dégagé";0;-2,84;2017-01-20;"vendredi";20;"01";1;"00:00"
"459";2017-01-20 02:00:00;"Dégagé";0;-2,87;2017-01-20;"vendredi";20;"01";2;"00:00"
"460";2017-01-20 03:00:00;"Dégagé";0;-3,21;2017-01-20;"vendredi";20;"01";3;"00:00"
"461";2017-01-20 04:00:00;"Dégagé";0;-3,52;2017-01-20;"vendredi";20;"01";4;"00:00"
"462";2017-01-20 05:00:00;"Dégagé";0;-3,83;2017-01-20;"vendredi";20;"01";5;"00:00"
"463";2017-01-20 06:00:00;"Dégagé";0;-4,11;2017-01-20;"vendredi";20;"01";6;"00:00"
"464";2017-01-20 07:00:00;"Dégagé";0;-4,27;2017-01-20;"vendredi";20;"01";7;"00:00"
"465";2017-01-20 08:00:00;"Dégagé";0;-4,33;2017-01-20;"vendredi";20;"01";8;"00:00"
"466";2017-01-20 09:00:00;"Dégagé";0;-3,78;2017-01-20;"vendredi";20;"01";9;"00:00"
"467";2017-01-20 10:00:00;"Dégagé";0;-2,47;2017-01-20;"vendredi";20;"01";10;"00:00"
"468";2017-01-20 11:00:00;"Dégagé";0;-1,69;2017-01-20;"vendredi";20;"01";11;"00:00"
"469";2017-01-20 12:00:00;"Dégagé";0;-0,66;2017-01-20;"vendredi";20;"01";12;"00:00"
"470";2017-01-20 13:00:00;"Dégagé";0;0,07;2017-01-20;"vendredi";20;"01";13;"00:00"
"471";2017-01-20 14:00:00;"Dégagé";0;0,74;2017-01-20;"vendredi";20;"01";14;"00:00"
"472";2017-01-20 15:00:00;"Dégagé";0;0,83;2017-01-20;"vendredi";20;"01";15;"00:00"
"473";2017-01-20 16:00:00;"Dégagé";0;0,59;2017-01-20;"vendredi";20;"01";16;"00:00"
"474";2017-01-20 17:00:00;"Dégagé";0;-0,47;2017-01-20;"vendredi";20;"01";17;"00:00"
"475";2017-01-20 18:00:00;"Dégagé";0;-1,26;2017-01-20;"vendredi";20;"01";18;"00:00"
"476";2017-01-20 19:00:00;"Dégagé";0;-1,74;2017-01-20;"vendredi";20;"01";19;"00:00"
"477";2017-01-20 20:00:00;"Dégagé";0;-2,19;2017-01-20;"vendredi";20;"01";20;"00:00"
"478";2017-01-20 21:00:00;"Dégagé";0;-2,5;2017-01-20;"vendredi";20;"01";21;"00:00"
"479";2017-01-20 22:00:00;"Dégagé";0;-2,87;2017-01-20;"vendredi";20;"01";22;"00:00"
"480";2017-01-20 23:00:00;"Dégagé";0;-3,58;2017-01-20;"vendredi";20;"01";23;"00:00"
"481";2017-01-21 00:00:00;"Dégagé";0;-3,92;2017-01-21;"samedi";21;"01";0;"00:00"
"482";2017-01-21 01:00:00;"Dégagé";0;-4,07;2017-01-21;"samedi";21;"01";1;"00:00"
"483";2017-01-21 02:00:00;"Dégagé";0;-4,33;2017-01-21;"samedi";21;"01";2;"00:00"
"484";2017-01-21 03:00:00;"Dégagé";0;-4,76;2017-01-21;"samedi";21;"01";3;"00:00"
"485";2017-01-21 04:00:00;"Dégagé";0;-4,93;2017-01-21;"samedi";21;"01";4;"00:00"
"486";2017-01-21 05:00:00;"Dégagé";0;-5,26;2017-01-21;"samedi";21;"01";5;"00:00"
"487";2017-01-21 06:00:00;"Dégagé";0;-5,59;2017-01-21;"samedi";21;"01";6;"00:00"
"488";2017-01-21 07:00:00;"Dégagé";0;-6,32;2017-01-21;"samedi";21;"01";7;"00:00"
"489";2017-01-21 08:00:00;"Dégagé";0;-6,37;2017-01-21;"samedi";21;"01";8;"00:00"
"490";2017-01-21 09:00:00;"Dégagé";0;-5,59;2017-01-21;"samedi";21;"01";9;"00:00"
"491";2017-01-21 10:00:00;"Dégagé";0;-4,12;2017-01-21;"samedi";21;"01";10;"00:00"
"492";2017-01-21 11:00:00;"Dégagé";0;-2,69;2017-01-21;"samedi";21;"01";11;"00:00"
"493";2017-01-21 12:00:00;"Dégagé";0;-0,81;2017-01-21;"samedi";21;"01";12;"00:00"
"494";2017-01-21 13:00:00;"Dégagé";0;0,77;2017-01-21;"samedi";21;"01";13;"00:00"
"495";2017-01-21 14:00:00;"Dégagé";0;0,93;2017-01-21;"samedi";21;"01";14;"00:00"
"496";2017-01-21 15:00:00;"Dégagé";0;2,09;2017-01-21;"samedi";21;"01";15;"00:00"
"497";2017-01-21 16:00:00;"Dégagé";0;2,14;2017-01-21;"samedi";21;"01";16;"00:00"
"498";2017-01-21 17:00:00;"Dégagé";0;1,02;2017-01-21;"samedi";21;"01";17;"00:00"
"499";2017-01-21 18:00:00;"Dégagé";0;-0,43;2017-01-21;"samedi";21;"01";18;"00:00"
"500";2017-01-21 19:00:00;"Dégagé";0;-1,02;2017-01-21;"samedi";21;"01";19;"00:00"
"501";2017-01-21 20:00:00;"Dégagé";0;-1,52;2017-01-21;"samedi";21;"01";20;"00:00"
"502";2017-01-21 21:00:00;"Dégagé";0;-1,74;2017-01-21;"samedi";21;"01";21;"00:00"
"503";2017-01-21 22:00:00;"Dégagé";0;-1,96;2017-01-21;"samedi";21;"01";22;"00:00"
"504";2017-01-21 23:00:00;"Dégagé";0;-2,49;2017-01-21;"samedi";21;"01";23;"00:00"
"505";2017-01-22 00:00:00;"Dégagé";0;-2,99;2017-01-22;"dimanche";22;"01";0;"00:00"
"506";2017-01-22 01:00:00;"Dégagé";0;-3,68;2017-01-22;"dimanche";22;"01";1;"00:00"
"507";2017-01-22 02:00:00;"Dégagé";0;-3,48;2017-01-22;"dimanche";22;"01";2;"00:00"
"508";2017-01-22 03:00:00;"Dégagé";0;-3,77;2017-01-22;"dimanche";22;"01";3;"00:00"
"509";2017-01-22 04:00:00;"Dégagé";0;-3,84;2017-01-22;"dimanche";22;"01";4;"00:00"
"510";2017-01-22 05:00:00;"Dégagé";0;-4,21;2017-01-22;"dimanche";22;"01";5;"00:00"
"511";2017-01-22 06:00:00;"Dégagé";0;-4,24;2017-01-22;"dimanche";22;"01";6;"00:00"
"512";2017-01-22 07:00:00;"Dégagé";0;-4,59;2017-01-22;"dimanche";22;"01";7;"00:00"
"513";2017-01-22 08:00:00;"Dégagé";0;-4,59;2017-01-22;"dimanche";22;"01";8;"00:00"
"514";2017-01-22 09:00:00;"Dégagé";0;-3,97;2017-01-22;"dimanche";22;"01";9;"00:00"
"515";2017-01-22 10:00:00;"Dégagé";0;-1,92;2017-01-22;"dimanche";22;"01";10;"00:00"
"516";2017-01-22 11:00:00;"Dégagé";0;0,18;2017-01-22;"dimanche";22;"01";11;"00:00"
"517";2017-01-22 12:00:00;"Dégagé";0;2,35;2017-01-22;"dimanche";22;"01";12;"00:00"
"518";2017-01-22 13:00:00;"Dégagé";0;3,56;2017-01-22;"dimanche";22;"01";13;"00:00"
"519";2017-01-22 14:00:00;"Dégagé";0;4,32;2017-01-22;"dimanche";22;"01";14;"00:00"
"520";2017-01-22 15:00:00;"Dégagé";0;4,64;2017-01-22;"dimanche";22;"01";15;"00:00"
"521";2017-01-22 16:00:00;"Nuages Épars";0;4,01;2017-01-22;"dimanche";22;"01";16;"00:00"
"522";2017-01-22 17:00:00;"Dégagé";0;2,73;2017-01-22;"dimanche";22;"01";17;"00:00"
"523";2017-01-22 18:00:00;"Dégagé";0;1,52;2017-01-22;"dimanche";22;"01";18;"00:00"
"524";2017-01-22 19:00:00;"Dégagé";0;0,53;2017-01-22;"dimanche";22;"01";19;"00:00"
"525";2017-01-22 20:00:00;"Dégagé";0;0,18;2017-01-22;"dimanche";22;"01";20;"00:00"
"526";2017-01-22 21:00:00;"Dégagé";0;-0,41;2017-01-22;"dimanche";22;"01";21;"00:00"
"527";2017-01-22 22:00:00;"Dégagé";0;-0,61;2017-01-22;"dimanche";22;"01";22;"00:00"
"528";2017-01-22 23:00:00;"Dégagé";0;-0,57;2017-01-22;"dimanche";22;"01";23;"00:00"
"529";2017-01-23 00:00:00;"Dégagé";0;-0,82;2017-01-23;"lundi";23;"01";0;"00:00"
"530";2017-01-23 01:00:00;"Dégagé";0;-1,41;2017-01-23;"lundi";23;"01";1;"00:00"
"531";2017-01-23 02:00:00;"Dégagé";0;-1,59;2017-01-23;"lundi";23;"01";2;"00:00"
"532";2017-01-23 03:00:00;"Dégagé";0;-2,32;2017-01-23;"lundi";23;"01";3;"00:00"
"533";2017-01-23 04:00:00;"Dégagé";0;-2,23;2017-01-23;"lundi";23;"01";4;"00:00"
"534";2017-01-23 05:00:00;"Dégagé";0;-2,41;2017-01-23;"lundi";23;"01";5;"00:00"
"535";2017-01-23 06:00:00;"Dégagé";0;-2,52;2017-01-23;"lundi";23;"01";6;"00:00"
"536";2017-01-23 07:00:00;"Dégagé";0;-3,09;2017-01-23;"lundi";23;"01";7;"00:00"
"537";2017-01-23 08:00:00;"Dégagé";0;-2,66;2017-01-23;"lundi";23;"01";8;"00:00"
"538";2017-01-23 09:00:00;"Dégagé";0;-2,18;2017-01-23;"lundi";23;"01";9;"00:00"
"539";2017-01-23 10:00:00;"Brumeux";0;-1,43;2017-01-23;"lundi";23;"01";10;"00:00"
"540";2017-01-23 11:00:00;"Brumeux";0;-1,16;2017-01-23;"lundi";23;"01";11;"00:00"
"541";2017-01-23 12:00:00;"Brumeux";0;-1,28;2017-01-23;"lundi";23;"01";12;"00:00"
"542";2017-01-23 13:00:00;"Brumeux";0;-1,14;2017-01-23;"lundi";23;"01";13;"00:00"
"543";2017-01-23 14:00:00;"Brumeux";0;-0,21;2017-01-23;"lundi";23;"01";14;"00:00"
"544";2017-01-23 15:00:00;"Nuageux";0;0,27;2017-01-23;"lundi";23;"01";15;"00:00"
"545";2017-01-23 16:00:00;"Nuageux";0;-0,01;2017-01-23;"lundi";23;"01";16;"00:00"
"546";2017-01-23 17:00:00;"Nuageux";0;-0,73;2017-01-23;"lundi";23;"01";17;"00:00"
"547";2017-01-23 18:00:00;"Brumeux";0;-1,22;2017-01-23;"lundi";23;"01";18;"00:00"
"548";2017-01-23 19:00:00;"Brumeux";0;-1,61;2017-01-23;"lundi";23;"01";19;"00:00"
"549";2017-01-23 20:00:00;"Brumeux";0;-1,48;2017-01-23;"lundi";23;"01";20;"00:00"
"550";2017-01-23 21:00:00;"Brumeux";0;-1,71;2017-01-23;"lundi";23;"01";21;"00:00"
"551";2017-01-23 22:00:00;"Brumeux";0;-1,91;2017-01-23;"lundi";23;"01";22;"00:00"
"552";2017-01-23 23:00:00;"Brumeux";0;-2,21;2017-01-23;"lundi";23;"01";23;"00:00"
"553";2017-01-24 00:00:00;"Brumeux";0;-2,43;2017-01-24;"mardi";24;"01";0;"00:00"
"554";2017-01-24 01:00:00;"Brumeux";0;-2,58;2017-01-24;"mardi";24;"01";1;"00:00"
"555";2017-01-24 02:00:00;"Brumeux";0;-2,92;2017-01-24;"mardi";24;"01";2;"00:00"
"556";2017-01-24 03:00:00;"Brumeux";0;-2,94;2017-01-24;"mardi";24;"01";3;"00:00"
"557";2017-01-24 04:00:00;"Brumeux";0;-3,08;2017-01-24;"mardi";24;"01";4;"00:00"
"558";2017-01-24 05:00:00;"Brumeux";0;-2,73;2017-01-24;"mardi";24;"01";5;"00:00"
"559";2017-01-24 06:00:00;"Couvert";0;-2,53;2017-01-24;"mardi";24;"01";6;"00:00"
"560";2017-01-24 07:00:00;"Couvert";0;-2,26;2017-01-24;"mardi";24;"01";7;"00:00"
"561";2017-01-24 08:00:00;"Couvert";0;-1,79;2017-01-24;"mardi";24;"01";8;"00:00"
"562";2017-01-24 09:00:00;"Couvert";0;-1,28;2017-01-24;"mardi";24;"01";9;"00:00"
"563";2017-01-24 10:00:00;"Couvert";0;-0,74;2017-01-24;"mardi";24;"01";10;"00:00"
"564";2017-01-24 11:00:00;"Couvert";0;0,02;2017-01-24;"mardi";24;"01";11;"00:00"
"565";2017-01-24 12:00:00;"Brumeux";0;0,55;2017-01-24;"mardi";24;"01";12;"00:00"
"566";2017-01-24 13:00:00;"Couvert";0;0,76;2017-01-24;"mardi";24;"01";13;"00:00"
"567";2017-01-24 14:00:00;"Couvert";0;1,21;2017-01-24;"mardi";24;"01";14;"00:00"
"568";2017-01-24 15:00:00;"Nuageux";0;1,59;2017-01-24;"mardi";24;"01";15;"00:00"
"569";2017-01-24 16:00:00;"Couvert";0;1,44;2017-01-24;"mardi";24;"01";16;"00:00"
"570";2017-01-24 17:00:00;"Nuageux";0;0,74;2017-01-24;"mardi";24;"01";17;"00:00"
"571";2017-01-24 18:00:00;"Nuageux";0;0,06;2017-01-24;"mardi";24;"01";18;"00:00"
"572";2017-01-24 19:00:00;"Brumeux";0;0,31;2017-01-24;"mardi";24;"01";19;"00:00"
"573";2017-01-24 20:00:00;"Brumeux";0;-0,06;2017-01-24;"mardi";24;"01";20;"00:00"
"574";2017-01-24 21:00:00;"Brumeux";0;-0,12;2017-01-24;"mardi";24;"01";21;"00:00"
"575";2017-01-24 22:00:00;"Couvert";0;0,04;2017-01-24;"mardi";24;"01";22;"00:00"
"576";2017-01-24 23:00:00;"Couvert";0;0,01;2017-01-24;"mardi";24;"01";23;"00:00"
"577";2017-01-25 00:00:00;"Couvert";0;0,02;2017-01-25;"mercredi";25;"01";0;"00:00"
"578";2017-01-25 01:00:00;"Couvert";0;-0,19;2017-01-25;"mercredi";25;"01";1;"00:00"
"579";2017-01-25 02:00:00;"Couvert";0;-0,64;2017-01-25;"mercredi";25;"01";2;"00:00"
"580";2017-01-25 03:00:00;"Nuageux";0;-0,67;2017-01-25;"mercredi";25;"01";3;"00:00"
"581";2017-01-25 04:00:00;"Nuageux";0;-0,47;2017-01-25;"mercredi";25;"01";4;"00:00"
"582";2017-01-25 05:00:00;"Nuageux";0;-0,51;2017-01-25;"mercredi";25;"01";5;"00:00"
"583";2017-01-25 06:00:00;"Couvert";0;-0,36;2017-01-25;"mercredi";25;"01";6;"00:00"
"584";2017-01-25 07:00:00;"Couvert";0;-0,34;2017-01-25;"mercredi";25;"01";7;"00:00"
"585";2017-01-25 08:00:00;"Couvert";0;-0,32;2017-01-25;"mercredi";25;"01";8;"00:00"
"586";2017-01-25 09:00:00;"Couvert";0;-0,39;2017-01-25;"mercredi";25;"01";9;"00:00"
"587";2017-01-25 10:00:00;"Couvert";0;-0,32;2017-01-25;"mercredi";25;"01";10;"00:00"
"588";2017-01-25 11:00:00;"Couvert";0;-0,58;2017-01-25;"mercredi";25;"01";11;"00:00"
"589";2017-01-25 12:00:00;"Couvert";0;-0,44;2017-01-25;"mercredi";25;"01";12;"00:00"
"590";2017-01-25 13:00:00;"Couvert";0;-0,43;2017-01-25;"mercredi";25;"01";13;"00:00"
"591";2017-01-25 14:00:00;"Couvert";0;-0,83;2017-01-25;"mercredi";25;"01";14;"00:00"
"592";2017-01-25 15:00:00;"Couvert";0;-0,73;2017-01-25;"mercredi";25;"01";15;"00:00"
"593";2017-01-25 16:00:00;"Couvert";0;-0,97;2017-01-25;"mercredi";25;"01";16;"00:00"
"594";2017-01-25 17:00:00;"Couvert";0;-1,2;2017-01-25;"mercredi";25;"01";17;"00:00"
"595";2017-01-25 18:00:00;"Couvert";0;-1,26;2017-01-25;"mercredi";25;"01";18;"00:00"
"596";2017-01-25 19:00:00;"Couvert";0;-1,38;2017-01-25;"mercredi";25;"01";19;"00:00"
"597";2017-01-25 20:00:00;"Couvert";0;-2,16;2017-01-25;"mercredi";25;"01";20;"00:00"
"598";2017-01-25 21:00:00;"Couvert";0;-2,81;2017-01-25;"mercredi";25;"01";21;"00:00"
"599";2017-01-25 22:00:00;"Couvert";0;-3,38;2017-01-25;"mercredi";25;"01";22;"00:00"
"600";2017-01-25 23:00:00;"Couvert";0;-3,52;2017-01-25;"mercredi";25;"01";23;"00:00"
"601";2017-01-26 00:00:00;"Couvert";0;-3,92;2017-01-26;"jeudi";26;"01";0;"00:00"
"602";2017-01-26 01:00:00;"Couvert";0;-4,05;2017-01-26;"jeudi";26;"01";1;"00:00"
"603";2017-01-26 02:00:00;"Couvert";0;-4,13;2017-01-26;"jeudi";26;"01";2;"00:00"
"604";2017-01-26 03:00:00;"Couvert";0;-4,09;2017-01-26;"jeudi";26;"01";3;"00:00"
"605";2017-01-26 04:00:00;"Couvert";0;-4,08;2017-01-26;"jeudi";26;"01";4;"00:00"
"606";2017-01-26 05:00:00;"Nuageux";0;-4,13;2017-01-26;"jeudi";26;"01";5;"00:00"
"607";2017-01-26 06:00:00;"Nuageux";0;-4,49;2017-01-26;"jeudi";26;"01";6;"00:00"
"608";2017-01-26 07:00:00;"Nuages Épars";0;-4,56;2017-01-26;"jeudi";26;"01";7;"00:00"
"609";2017-01-26 08:00:00;"Dégagé";0;-5,31;2017-01-26;"jeudi";26;"01";8;"00:00"
"610";2017-01-26 09:00:00;"Dégagé";0;-5,21;2017-01-26;"jeudi";26;"01";9;"00:00"
"611";2017-01-26 10:00:00;"Dégagé";0;-3,96;2017-01-26;"jeudi";26;"01";10;"00:00"
"612";2017-01-26 11:00:00;"Dégagé";0;-2,84;2017-01-26;"jeudi";26;"01";11;"00:00"
"613";2017-01-26 12:00:00;"Dégagé";0;-1,17;2017-01-26;"jeudi";26;"01";12;"00:00"
"614";2017-01-26 13:00:00;"Dégagé";0;0,39;2017-01-26;"jeudi";26;"01";13;"00:00"
"615";2017-01-26 14:00:00;"Dégagé";0;1,87;2017-01-26;"jeudi";26;"01";14;"00:00"
"616";2017-01-26 15:00:00;"Dégagé";0;2,55;2017-01-26;"jeudi";26;"01";15;"00:00"
"617";2017-01-26 16:00:00;"Dégagé";0;2,52;2017-01-26;"jeudi";26;"01";16;"00:00"
"618";2017-01-26 17:00:00;"Dégagé";0;1,66;2017-01-26;"jeudi";26;"01";17;"00:00"
"619";2017-01-26 18:00:00;"Dégagé";0;0,65;2017-01-26;"jeudi";26;"01";18;"00:00"
"620";2017-01-26 19:00:00;"Dégagé";0;-0,12;2017-01-26;"jeudi";26;"01";19;"00:00"
"621";2017-01-26 20:00:00;"Dégagé";0;-0,21;2017-01-26;"jeudi";26;"01";20;"00:00"
"622";2017-01-26 21:00:00;"Dégagé";0;-0,76;2017-01-26;"jeudi";26;"01";21;"00:00"
"623";2017-01-26 22:00:00;"Dégagé";0;-0,96;2017-01-26;"jeudi";26;"01";22;"00:00"
"624";2017-01-26 23:00:00;"Dégagé";0;-1,04;2017-01-26;"jeudi";26;"01";23;"00:00"
"625";2017-01-27 00:00:00;"Nuages Épars";0;-0,23;2017-01-27;"vendredi";27;"01";0;"00:00"
"626";2017-01-27 01:00:00;"Nuageux";0;-0,34;2017-01-27;"vendredi";27;"01";1;"00:00"
"627";2017-01-27 02:00:00;"Averses De Neige";0,066;-0,45;2017-01-27;"vendredi";27;"01";2;"00:00"
"628";2017-01-27 03:00:00;"Dégagé";0,0203;-0,8;2017-01-27;"vendredi";27;"01";3;"00:00"
"629";2017-01-27 04:00:00;"Dégagé";0;-1,06;2017-01-27;"vendredi";27;"01";4;"00:00"
"630";2017-01-27 05:00:00;"Dégagé";0;-1,23;2017-01-27;"vendredi";27;"01";5;"00:00"
"631";2017-01-27 06:00:00;"Dégagé";0;-0,76;2017-01-27;"vendredi";27;"01";6;"00:00"
"632";2017-01-27 07:00:00;"Dégagé";0;-0,13;2017-01-27;"vendredi";27;"01";7;"00:00"
"633";2017-01-27 08:00:00;"Dégagé";0;-0,19;2017-01-27;"vendredi";27;"01";8;"00:00"
"634";2017-01-27 09:00:00;"Dégagé";0;0,74;2017-01-27;"vendredi";27;"01";9;"00:00"
"635";2017-01-27 10:00:00;"Dégagé";0;2,15;2017-01-27;"vendredi";27;"01";10;"00:00"
"636";2017-01-27 11:00:00;"Nuages Épars";0;3,59;2017-01-27;"vendredi";27;"01";11;"00:00"
"637";2017-01-27 12:00:00;"Nuages Épars";0;5,98;2017-01-27;"vendredi";27;"01";12;"00:00"
"638";2017-01-27 13:00:00;"Nuageux";0;7,31;2017-01-27;"vendredi";27;"01";13;"00:00"
"639";2017-01-27 14:00:00;"Nuageux";0;8,14;2017-01-27;"vendredi";27;"01";14;"00:00"
"640";2017-01-27 15:00:00;"Nuageux";0;8,22;2017-01-27;"vendredi";27;"01";15;"00:00"
"641";2017-01-27 16:00:00;"Nuageux";0;7,99;2017-01-27;"vendredi";27;"01";16;"00:00"
"642";2017-01-27 17:00:00;"Nuageux";0;7,69;2017-01-27;"vendredi";27;"01";17;"00:00"
"643";2017-01-27 18:00:00;"Nuageux";0;7,51;2017-01-27;"vendredi";27;"01";18;"00:00"
"644";2017-01-27 19:00:00;"Nuageux";0;7,27;2017-01-27;"vendredi";27;"01";19;"00:00"
"645";2017-01-27 20:00:00;"Nuageux";0;7,62;2017-01-27;"vendredi";27;"01";20;"00:00"
"646";2017-01-27 21:00:00;"Nuageux";0;7,48;2017-01-27;"vendredi";27;"01";21;"00:00"
"647";2017-01-27 22:00:00;"Nuageux";0;7,7;2017-01-27;"vendredi";27;"01";22;"00:00"
"648";2017-01-27 23:00:00;"Dégagé";0;7,98;2017-01-27;"vendredi";27;"01";23;"00:00"
"649";2017-01-28 00:00:00;"Nuages Épars";0;7,92;2017-01-28;"samedi";28;"01";0;"00:00"
"650";2017-01-28 01:00:00;"Couvert";0;7,56;2017-01-28;"samedi";28;"01";1;"00:00"
"651";2017-01-28 02:00:00;"Couvert";0;7,89;2017-01-28;"samedi";28;"01";2;"00:00"
"652";2017-01-28 03:00:00;"Couvert";0;7,76;2017-01-28;"samedi";28;"01";3;"00:00"
"653";2017-01-28 04:00:00;"Nuageux";0;7,69;2017-01-28;"samedi";28;"01";4;"00:00"
"654";2017-01-28 05:00:00;"Nuageux";0;7,77;2017-01-28;"samedi";28;"01";5;"00:00"
"655";2017-01-28 06:00:00;"Nuageux";0;7,93;2017-01-28;"samedi";28;"01";6;"00:00"
"656";2017-01-28 07:00:00;"Nuageux";0;7,79;2017-01-28;"samedi";28;"01";7;"00:00"
"657";2017-01-28 08:00:00;"Nuageux";0;7,51;2017-01-28;"samedi";28;"01";8;"00:00"
"658";2017-01-28 09:00:00;"Nuageux";0;7,46;2017-01-28;"samedi";28;"01";9;"00:00"
"659";2017-01-28 10:00:00;"Nuageux";0;8,1;2017-01-28;"samedi";28;"01";10;"00:00"
"660";2017-01-28 11:00:00;"Nuageux";0;8,52;2017-01-28;"samedi";28;"01";11;"00:00"
"661";2017-01-28 12:00:00;"Couvert";0;8,82;2017-01-28;"samedi";28;"01";12;"00:00"
"662";2017-01-28 13:00:00;"Couvert";0;8,41;2017-01-28;"samedi";28;"01";13;"00:00"
"663";2017-01-28 14:00:00;"Nuageux";0;8,54;2017-01-28;"samedi";28;"01";14;"00:00"
"664";2017-01-28 15:00:00;"Nuageux";0;8,52;2017-01-28;"samedi";28;"01";15;"00:00"
"665";2017-01-28 16:00:00;"Nuageux";0;8,83;2017-01-28;"samedi";28;"01";16;"00:00"
"666";2017-01-28 17:00:00;"Nuageux";0;7,87;2017-01-28;"samedi";28;"01";17;"00:00"
"667";2017-01-28 18:00:00;"Nuages Épars";0;6,49;2017-01-28;"samedi";28;"01";18;"00:00"
"668";2017-01-28 19:00:00;"Nuages Épars";0;5,79;2017-01-28;"samedi";28;"01";19;"00:00"
"669";2017-01-28 20:00:00;"Nuages Épars";0;5,65;2017-01-28;"samedi";28;"01";20;"00:00"
"670";2017-01-28 21:00:00;"Nuages Épars";0;5,27;2017-01-28;"samedi";28;"01";21;"00:00"
"671";2017-01-28 22:00:00;"Nuages Épars";0;4,54;2017-01-28;"samedi";28;"01";22;"00:00"
"672";2017-01-28 23:00:00;"Nuages Épars";0;4,1;2017-01-28;"samedi";28;"01";23;"00:00"
"673";2017-01-29 00:00:00;"Nuages Épars";0;4,06;2017-01-29;"dimanche";29;"01";0;"00:00"
"674";2017-01-29 01:00:00;"Nuageux";0;4,28;2017-01-29;"dimanche";29;"01";1;"00:00"
"675";2017-01-29 02:00:00;"Nuageux";0,0203;4,43;2017-01-29;"dimanche";29;"01";2;"00:00"
"676";2017-01-29 03:00:00;"Nuageux";0;4,04;2017-01-29;"dimanche";29;"01";3;"00:00"
"677";2017-01-29 04:00:00;"Nuageux";0;3,59;2017-01-29;"dimanche";29;"01";4;"00:00"
"678";2017-01-29 05:00:00;"Nuageux";0;3,28;2017-01-29;"dimanche";29;"01";5;"00:00"
"679";2017-01-29 06:00:00;"Nuageux";0;2,71;2017-01-29;"dimanche";29;"01";6;"00:00"
"680";2017-01-29 07:00:00;"Nuageux";0;2,97;2017-01-29;"dimanche";29;"01";7;"00:00"
"681";2017-01-29 08:00:00;"Nuageux";0;3,17;2017-01-29;"dimanche";29;"01";8;"00:00"
"682";2017-01-29 09:00:00;"Couvert";0;3,56;2017-01-29;"dimanche";29;"01";9;"00:00"
"683";2017-01-29 10:00:00;"Couvert";0;3,64;2017-01-29;"dimanche";29;"01";10;"00:00"
"684";2017-01-29 11:00:00;"Couvert";0;3,92;2017-01-29;"dimanche";29;"01";11;"00:00"
"685";2017-01-29 12:00:00;"Couvert";0;4,54;2017-01-29;"dimanche";29;"01";12;"00:00"
"686";2017-01-29 13:00:00;"Couvert";0;5,27;2017-01-29;"dimanche";29;"01";13;"00:00"
"687";2017-01-29 14:00:00;"Couvert";0;5,81;2017-01-29;"dimanche";29;"01";14;"00:00"
"688";2017-01-29 15:00:00;"Couvert";0;6,64;2017-01-29;"dimanche";29;"01";15;"00:00"
"689";2017-01-29 16:00:00;"Nuageux";0;7,09;2017-01-29;"dimanche";29;"01";16;"00:00"
"690";2017-01-29 17:00:00;"Nuageux";0;7,08;2017-01-29;"dimanche";29;"01";17;"00:00"
"691";2017-01-29 18:00:00;"Nuages Épars";0,0457;6,26;2017-01-29;"dimanche";29;"01";18;"00:00"
"692";2017-01-29 19:00:00;"Nuages Épars";0;6,31;2017-01-29;"dimanche";29;"01";19;"00:00"
"693";2017-01-29 20:00:00;"Bruine";0,1321;6,7;2017-01-29;"dimanche";29;"01";20;"00:00"
"694";2017-01-29 21:00:00;"Pluie Faible";0,5029;6,49;2017-01-29;"dimanche";29;"01";21;"00:00"
"695";2017-01-29 22:00:00;"Nuageux";0;6,66;2017-01-29;"dimanche";29;"01";22;"00:00"
"696";2017-01-29 23:00:00;"Bruine";0,1905;6,83;2017-01-29;"dimanche";29;"01";23;"00:00"
"697";2017-01-30 00:00:00;"Bruine";0,1499;7,01;2017-01-30;"lundi";30;"01";0;"00:00"
"698";2017-01-30 01:00:00;"Couvert";0;7,43;2017-01-30;"lundi";30;"01";1;"00:00"
"699";2017-01-30 02:00:00;"Couvert";0;7,45;2017-01-30;"lundi";30;"01";2;"00:00"
"700";2017-01-30 03:00:00;"Bruine";0,193;7,66;2017-01-30;"lundi";30;"01";3;"00:00"
"701";2017-01-30 04:00:00;"Couvert";0;7,49;2017-01-30;"lundi";30;"01";4;"00:00"
"702";2017-01-30 05:00:00;"Couvert";0,0203;7,59;2017-01-30;"lundi";30;"01";5;"00:00"
"703";2017-01-30 06:00:00;"Couvert";0;7,74;2017-01-30;"lundi";30;"01";6;"00:00"
"704";2017-01-30 07:00:00;"Couvert";0;7,74;2017-01-30;"lundi";30;"01";7;"00:00"
"705";2017-01-30 08:00:00;"Couvert";0,0838;7,74;2017-01-30;"lundi";30;"01";8;"00:00"
"706";2017-01-30 09:00:00;"Couvert";0,0635;7,95;2017-01-30;"lundi";30;"01";9;"00:00"
"707";2017-01-30 10:00:00;"Couvert";0;8,14;2017-01-30;"lundi";30;"01";10;"00:00"
"708";2017-01-30 11:00:00;"Couvert";0,1168;8,68;2017-01-30;"lundi";30;"01";11;"00:00"
"709";2017-01-30 12:00:00;"Couvert";0;9,44;2017-01-30;"lundi";30;"01";12;"00:00"
"710";2017-01-30 13:00:00;"Couvert";0;10,11;2017-01-30;"lundi";30;"01";13;"00:00"
"711";2017-01-30 14:00:00;"Couvert";0;10,43;2017-01-30;"lundi";30;"01";14;"00:00"
"712";2017-01-30 15:00:00;"Couvert";0;10,73;2017-01-30;"lundi";30;"01";15;"00:00"
"713";2017-01-30 16:00:00;"Couvert";0;10,85;2017-01-30;"lundi";30;"01";16;"00:00"
"714";2017-01-30 17:00:00;"Couvert";0;10,71;2017-01-30;"lundi";30;"01";17;"00:00"
"715";2017-01-30 18:00:00;"Couvert";0,0381;10,51;2017-01-30;"lundi";30;"01";18;"00:00"
"716";2017-01-30 19:00:00;"Couvert";0;10,27;2017-01-30;"lundi";30;"01";19;"00:00"
"717";2017-01-30 20:00:00;"Pluie Faible";0,2921;10,22;2017-01-30;"lundi";30;"01";20;"00:00"
"718";2017-01-30 21:00:00;"Bruine";0,1499;9,96;2017-01-30;"lundi";30;"01";21;"00:00"
"719";2017-01-30 22:00:00;"Nuageux";0;9,78;2017-01-30;"lundi";30;"01";22;"00:00"
"720";2017-01-30 23:00:00;"Nuageux";0,033;9,78;2017-01-30;"lundi";30;"01";23;"00:00"
"721";2017-01-31 00:00:00;"Nuageux";0,0457;9,93;2017-01-31;"mardi";31;"01";0;"00:00"
"722";2017-01-31 01:00:00;"Couvert";0;10;2017-01-31;"mardi";31;"01";1;"00:00"
"723";2017-01-31 02:00:00;"Bruine";0,1524;9,97;2017-01-31;"mardi";31;"01";2;"00:00"
"724";2017-01-31 03:00:00;"Brumeux";0,1219;9,94;2017-01-31;"mardi";31;"01";3;"00:00"
"725";2017-01-31 04:00:00;"Couvert";0;9,93;2017-01-31;"mardi";31;"01";4;"00:00"
"726";2017-01-31 05:00:00;"Bruine";0,221;9,86;2017-01-31;"mardi";31;"01";5;"00:00"
"727";2017-01-31 06:00:00;"Pluie Faible";0,2642;9,79;2017-01-31;"mardi";31;"01";6;"00:00"
"728";2017-01-31 07:00:00;"Brumeux";0;9,66;2017-01-31;"mardi";31;"01";7;"00:00"
"729";2017-01-31 08:00:00;"Pluie Faible";0,2565;9,59;2017-01-31;"mardi";31;"01";8;"00:00"
"730";2017-01-31 09:00:00;"Couvert";0,0203;9,57;2017-01-31;"mardi";31;"01";9;"00:00"
"731";2017-01-31 10:00:00;"Couvert";0;9,74;2017-01-31;"mardi";31;"01";10;"00:00"
"732";2017-01-31 11:00:00;"Couvert";0,1067;10,42;2017-01-31;"mardi";31;"01";11;"00:00"
"733";2017-01-31 12:00:00;"Couvert";0;10,94;2017-01-31;"mardi";31;"01";12;"00:00"
"734";2017-01-31 13:00:00;"Couvert";0;11,24;2017-01-31;"mardi";31;"01";13;"00:00"
"735";2017-01-31 14:00:00;"Couvert";0;11,67;2017-01-31;"mardi";31;"01";14;"00:00"
"736";2017-01-31 15:00:00;"Couvert";0;12,09;2017-01-31;"mardi";31;"01";15;"00:00"
"737";2017-01-31 16:00:00;"Couvert";0;12,23;2017-01-31;"mardi";31;"01";16;"00:00"
"738";2017-01-31 17:00:00;"Couvert";0;11,93;2017-01-31;"mardi";31;"01";17;"00:00"
"739";2017-01-31 18:00:00;"Couvert";0;11,54;2017-01-31;"mardi";31;"01";18;"00:00"
"740";2017-01-31 19:00:00;"Couvert";0;11,14;2017-01-31;"mardi";31;"01";19;"00:00"
"741";2017-01-31 20:00:00;"Nuageux";0;11,11;2017-01-31;"mardi";31;"01";20;"00:00"
"742";2017-01-31 21:00:00;"Nuageux";0;10,84;2017-01-31;"mardi";31;"01";21;"00:00"
"743";2017-01-31 22:00:00;"Nuageux";0;10,68;2017-01-31;"mardi";31;"01";22;"00:00"
"744";2017-01-31 23:00:00;"Couvert";0;10,53;2017-01-31;"mardi";31;"01";23;"00:00"
